{
"meta":{"test_sets":[],"test_metrics":[],"learn_metrics":[{"best_value":"Min","name":"RMSE"}],"launch_mode":"Train","parameters":"","iteration_count":100,"learn_sets":["learn"],"name":"experiment"},
"iterations":[
{"learn":[14.005006],"iteration":0,"passed_time":0.0007962641554,"remaining_time":0.07883015138},
{"learn":[13.14441192],"iteration":1,"passed_time":0.001513196408,"remaining_time":0.07414662397},
{"learn":[12.34258257],"iteration":2,"passed_time":0.002235494292,"remaining_time":0.07228098212},
{"learn":[11.64527793],"iteration":3,"passed_time":0.002853327088,"remaining_time":0.0684798501},
{"learn":[11.02766183],"iteration":4,"passed_time":0.003555572993,"remaining_time":0.06755588687},
{"learn":[10.43485794],"iteration":5,"passed_time":0.004317463863,"remaining_time":0.06764026718},
{"learn":[9.890641275],"iteration":6,"passed_time":0.005091821487,"remaining_time":0.06764848547},
{"learn":[9.492161212],"iteration":7,"passed_time":0.005917402939,"remaining_time":0.0680501338},
{"learn":[9.105082953],"iteration":8,"passed_time":0.006748369454,"remaining_time":0.06823351337},
{"learn":[8.674157135],"iteration":9,"passed_time":0.00757410304,"remaining_time":0.06816692736},
{"learn":[8.341743544],"iteration":10,"passed_time":0.008526728315,"remaining_time":0.06898898364},
{"learn":[8.049372916],"iteration":11,"passed_time":0.009416516696,"remaining_time":0.06905445577},
{"learn":[7.757318612],"iteration":12,"passed_time":0.0104479629,"remaining_time":0.06992098249},
{"learn":[7.522206899],"iteration":13,"passed_time":0.01130864358,"remaining_time":0.06946738202},
{"learn":[7.297756655],"iteration":14,"passed_time":0.01211295515,"remaining_time":0.06864007921},
{"learn":[7.088359431],"iteration":15,"passed_time":0.01283096186,"remaining_time":0.06736254975},
{"learn":[6.882113791],"iteration":16,"passed_time":0.01354509864,"remaining_time":0.06613195218},
{"learn":[6.704728832],"iteration":17,"passed_time":0.01419078692,"remaining_time":0.06464691818},
{"learn":[6.563881962],"iteration":18,"passed_time":0.01488323793,"remaining_time":0.06344959327},
{"learn":[6.418790279],"iteration":19,"passed_time":0.01554746552,"remaining_time":0.06218986209},
{"learn":[6.315756953],"iteration":20,"passed_time":0.01614574202,"remaining_time":0.06073874378},
{"learn":[6.210157751],"iteration":21,"passed_time":0.01674844364,"remaining_time":0.05938084562},
{"learn":[6.115058449],"iteration":22,"passed_time":0.01738574261,"remaining_time":0.05820444266},
{"learn":[6.014819884],"iteration":23,"passed_time":0.01803079879,"remaining_time":0.05709752949},
{"learn":[5.93117229],"iteration":24,"passed_time":0.01866325054,"remaining_time":0.05598975163},
{"learn":[5.844857622],"iteration":25,"passed_time":0.01930059499,"remaining_time":0.05493246267},
{"learn":[5.771145213],"iteration":26,"passed_time":0.01995118878,"remaining_time":0.053942103},
{"learn":[5.704018229],"iteration":27,"passed_time":0.02062256711,"remaining_time":0.05302945827},
{"learn":[5.665806474],"iteration":28,"passed_time":0.02132297086,"remaining_time":0.05220451487},
{"learn":[5.616500369],"iteration":29,"passed_time":0.02197839864,"remaining_time":0.05128293016},
{"learn":[5.558023666],"iteration":30,"passed_time":0.02266592058,"remaining_time":0.05044995225},
{"learn":[5.510080976],"iteration":31,"passed_time":0.02329263918,"remaining_time":0.04949685826},
{"learn":[5.468747792],"iteration":32,"passed_time":0.02390059936,"remaining_time":0.04852545931},
{"learn":[5.429275534],"iteration":33,"passed_time":0.02451956986,"remaining_time":0.04759681207},
{"learn":[5.402117324],"iteration":34,"passed_time":0.02515724131,"remaining_time":0.04672059101},
{"learn":[5.367635151],"iteration":35,"passed_time":0.02576630653,"remaining_time":0.04580676717},
{"learn":[5.345181232],"iteration":36,"passed_time":0.02641335079,"remaining_time":0.04497408378},
{"learn":[5.319151269],"iteration":37,"passed_time":0.02707720467,"remaining_time":0.04417859709},
{"learn":[5.296134146],"iteration":38,"passed_time":0.02770470999,"remaining_time":0.04333300793},
{"learn":[5.269629003],"iteration":39,"passed_time":0.02832916228,"remaining_time":0.04249374343},
{"learn":[5.251147059],"iteration":40,"passed_time":0.02896864902,"remaining_time":0.04168659249},
{"learn":[5.248003302],"iteration":41,"passed_time":0.02921848475,"remaining_time":0.04034933609},
{"learn":[5.232376509],"iteration":42,"passed_time":0.02988558595,"remaining_time":0.03961577673},
{"learn":[5.213524255],"iteration":43,"passed_time":0.03056132326,"remaining_time":0.0388962296},
{"learn":[5.189691584],"iteration":44,"passed_time":0.03120359844,"remaining_time":0.03813773142},
{"learn":[5.166052198],"iteration":45,"passed_time":0.03188455627,"remaining_time":0.03742969649},
{"learn":[5.140406659],"iteration":46,"passed_time":0.03250841657,"remaining_time":0.03665842719},
{"learn":[5.118929684],"iteration":47,"passed_time":0.03314645099,"remaining_time":0.03590865524},
{"learn":[5.108792602],"iteration":48,"passed_time":0.03380796993,"remaining_time":0.03518788707},
{"learn":[5.098141225],"iteration":49,"passed_time":0.0344119031,"remaining_time":0.0344119031},
{"learn":[5.085926393],"iteration":50,"passed_time":0.03502955606,"remaining_time":0.03365584798},
{"learn":[5.067816804],"iteration":51,"passed_time":0.03566907711,"remaining_time":0.03292530195},
{"learn":[5.049834901],"iteration":52,"passed_time":0.03630498744,"remaining_time":0.03219498886},
{"learn":[5.03838627],"iteration":53,"passed_time":0.0369503822,"remaining_time":0.0314762515},
{"learn":[5.033534248],"iteration":54,"passed_time":0.03744383683,"remaining_time":0.0306358665},
{"learn":[5.023726885],"iteration":55,"passed_time":0.03804727804,"remaining_time":0.02989428989},
{"learn":[5.01290392],"iteration":56,"passed_time":0.03866429684,"remaining_time":0.02916780288},
{"learn":[5.005569127],"iteration":57,"passed_time":0.03925090363,"remaining_time":0.02842306814},
{"learn":[4.989969032],"iteration":58,"passed_time":0.03991581624,"remaining_time":0.02773810959},
{"learn":[4.976762446],"iteration":59,"passed_time":0.04063970327,"remaining_time":0.02709313551},
{"learn":[4.967222715],"iteration":60,"passed_time":0.04126735989,"remaining_time":0.02638404977},
{"learn":[4.954407599],"iteration":61,"passed_time":0.04190867927,"remaining_time":0.02568596471},
{"learn":[4.942125056],"iteration":62,"passed_time":0.04253561491,"remaining_time":0.02498123415},
{"learn":[4.930230716],"iteration":63,"passed_time":0.04314618288,"remaining_time":0.02426972787},
{"learn":[4.921695642],"iteration":64,"passed_time":0.04381012687,"remaining_time":0.02359006832},
{"learn":[4.906405625],"iteration":65,"passed_time":0.04442175688,"remaining_time":0.02288393536},
{"learn":[4.894330248],"iteration":66,"passed_time":0.04508173505,"remaining_time":0.02220443667},
{"learn":[4.88211557],"iteration":67,"passed_time":0.04580335866,"remaining_time":0.02155452172},
{"learn":[4.877946398],"iteration":68,"passed_time":0.04643933721,"remaining_time":0.02086405005},
{"learn":[4.863182126],"iteration":69,"passed_time":0.04704964142,"remaining_time":0.02016413204},
{"learn":[4.84646533],"iteration":70,"passed_time":0.04767300355,"remaining_time":0.01947207187},
{"learn":[4.838014752],"iteration":71,"passed_time":0.04832313928,"remaining_time":0.01879233194},
{"learn":[4.82981137],"iteration":72,"passed_time":0.04893867849,"remaining_time":0.01810060711},
{"learn":[4.817094767],"iteration":73,"passed_time":0.04958211906,"remaining_time":0.01742074454},
{"learn":[4.808314151],"iteration":74,"passed_time":0.05027187424,"remaining_time":0.01675729141},
{"learn":[4.796235023],"iteration":75,"passed_time":0.05094007097,"remaining_time":0.0160863382},
{"learn":[4.784434534],"iteration":76,"passed_time":0.0515950965,"remaining_time":0.01541152233},
{"learn":[4.774402487],"iteration":77,"passed_time":0.05223284691,"remaining_time":0.01473234144},
{"learn":[4.76731896],"iteration":78,"passed_time":0.05284918276,"remaining_time":0.01404851694},
{"learn":[4.75934113],"iteration":79,"passed_time":0.05344459598,"remaining_time":0.01336114899},
{"learn":[4.754106378],"iteration":80,"passed_time":0.0540594696,"remaining_time":0.01268061632},
{"learn":[4.744002932],"iteration":81,"passed_time":0.05469381559,"remaining_time":0.01200595952},
{"learn":[4.731700554],"iteration":82,"passed_time":0.05531045446,"remaining_time":0.0113286473},
{"learn":[4.723284153],"iteration":83,"passed_time":0.05593096904,"remaining_time":0.01065351791},
{"learn":[4.712232782],"iteration":84,"passed_time":0.05656137732,"remaining_time":0.009981419526},
{"learn":[4.703046867],"iteration":85,"passed_time":0.05722508071,"remaining_time":0.009315710813},
{"learn":[4.698601855],"iteration":86,"passed_time":0.05786861678,"remaining_time":0.008647034691},
{"learn":[4.692429407],"iteration":87,"passed_time":0.05865026983,"remaining_time":0.007997764068},
{"learn":[4.675027364],"iteration":88,"passed_time":0.05941219956,"remaining_time":0.007343080844},
{"learn":[4.662368584],"iteration":89,"passed_time":0.06017981655,"remaining_time":0.006686646284},
{"learn":[4.646206172],"iteration":90,"passed_time":0.06086244787,"remaining_time":0.006019362976},
{"learn":[4.641245848],"iteration":91,"passed_time":0.06159047684,"remaining_time":0.005355693638},
{"learn":[4.633900435],"iteration":92,"passed_time":0.06227864369,"remaining_time":0.004687639848},
{"learn":[4.624738236],"iteration":93,"passed_time":0.06292340346,"remaining_time":0.004016387455},
{"learn":[4.612798287],"iteration":94,"passed_time":0.06355829474,"remaining_time":0.003345173407},
{"learn":[4.605222001],"iteration":95,"passed_time":0.06418614319,"remaining_time":0.002674422633},
{"learn":[4.601725912],"iteration":96,"passed_time":0.06483883461,"remaining_time":0.002005324782},
{"learn":[4.59722371],"iteration":97,"passed_time":0.06549236815,"remaining_time":0.001336578942},
{"learn":[4.580235665],"iteration":98,"passed_time":0.0661084175,"remaining_time":0.0006677617929},
{"learn":[4.57591791],"iteration":99,"passed_time":0.06669441616,"remaining_time":0}
]}